arrival_rate,service_rate,sim_time,num_servers,avg_wait,max_queue,served
4.869436177265801,4.813142826003018,100,3,0.004385939404361498,2,475
1.3208582459405709,4.127533447545385,93,3,0.0071556287925328855,2,138
1.9378384294271287,1.5786185259565095,62,3,0.009974071195197564,1,114
2.424484635487138,4.6935583059504875,54,1,0.20976916484128758,5,122
3.1297761983430656,4.113115933367497,65,2,0.03640335034892536,3,209
4.871543412618983,4.832532272800558,57,3,0.004308923595387269,2,288
3.94650143585151,4.963707332885836,80,2,0.02601047290927405,3,282
3.0880311131701945,2.3088922040139974,83,3,0.04048422317938732,4,262
1.6375192986978093,4.38839668349954,93,1,0.10876840699101237,3,145
4.288768249240273,3.1350794297064666,65,1,10.18356436067402,68,220
4.935046185515534,4.7158079184316914,54,2,0.11080302784800951,6,259
3.4620877702577872,4.623420170053124,91,2,0.0354358598954049,5,291
3.180013693458702,1.9835555286675373,75,3,0.2376249165369551,9,241
3.5450286834573426,3.33646991897734,89,1,4.136949048887399,32,317
3.8105135218284314,1.1837165811072858,64,1,21.855343828496075,156,70
3.2220734105241844,3.287986221600782,95,3,0.011027410797691962,3,319
2.4122476324621,1.346501110198449,79,2,0.5210428569508567,6,177
3.7484908270347974,1.8514506393915195,71,3,0.2977547052524776,9,287
2.565609819182673,1.3279432459831737,99,3,0.5359437789793758,10,270
3.6987009598972787,3.7838409199727043,54,1,2.421499946918754,23,194
2.2228926064562398,4.121313095158438,95,1,0.1555041468915923,3,194
2.5479744990805338,3.326217844139853,68,3,0.009367221474396307,1,167
3.416891957036741,1.3472985579766443,62,1,17.82448776723563,110,85
4.938645801385272,1.9696155898181789,73,2,7.593342554680879,60,274
4.904048939005102,1.127451711391723,87,2,20.137647833744698,224,196
3.002089094020007,3.0245291615565266,92,3,0.017779384987553087,1,296
4.390293485062509,3.455565628023204,58,2,0.1225919862034547,4,263
2.9269904833300044,4.2689964485153595,66,3,0.00389262517638604,0,193
2.555088284727261,3.798707011908725,88,2,0.02598747574557036,1,233
4.520504314416574,3.51412456108874,66,2,0.16176895917863093,6,313
2.1923267260326753,4.822330402983088,53,2,0.01508789073420502,2,123
3.8807212027037066,2.824134851704152,85,1,11.80540558158031,91,225
3.9854727662869682,3.695112841402117,72,1,5.102369785361722,40,246
3.6920944226848116,1.7713558075739297,65,1,13.053274474184018,125,115
2.009232915149284,3.0433882746850593,97,1,0.5409814274095194,7,207
4.436326968290404,3.8096125546286745,75,2,0.2524247839600593,12,343
4.97449948463995,4.33878436251297,100,3,0.019824877528054913,4,494
2.2835370456898128,1.5442030043120902,59,3,0.11496306661582396,4,158
3.1163275918359594,2.6716654950738863,59,1,9.833645620016847,50,145
3.6188784514714043,4.8663888455817785,87,1,0.7841571398153993,18,289
4.930584459387238,4.603852851396617,80,3,0.01410505451342122,3,365
2.6443118826812575,4.282158665201058,53,1,0.17536776655771835,5,144
3.9644704972130773,2.9783323110817106,86,3,0.03625663280090865,4,333
2.8862644810385834,3.039850103718867,71,3,0.004559035067535433,1,235
4.84172646442574,3.871287980849257,82,2,0.09305905543583055,5,362
1.7126682423673314,4.2868720523693575,57,1,0.15526517190007694,2,102
4.412074849840296,4.173751357654935,96,3,0.00780498905138677,1,432
2.7469235567928596,2.9981671203373788,77,3,0.013141625605867395,3,217
3.3211429054524295,4.922700209072891,72,2,0.024956016257504314,2,231
3.63499575588335,3.7515012535999643,62,2,0.035615779917829896,2,221
1.8559670565296833,1.9838974125464772,86,3,0.05092679868111546,4,183
2.8689609500199658,1.3118939241732166,55,1,14.54116204623036,96,71
4.142254086654211,3.8538832285599134,80,3,0.007802245283458619,2,335
4.961573000152208,1.6917188746890361,91,3,2.9711856161905956,57,435
3.183423510063502,4.477087086892535,80,3,0.0002462458183202349,0,246
1.3121316945783157,2.30933356750526,70,2,0.057337819912276274,2,95
3.459209384278373,2.7521361477639923,64,1,2.365158082930068,30,168
1.3928756097984185,2.3757346939485635,85,1,0.5925246056406616,6,108
4.247472596810209,1.0767229543754078,86,1,28.7219349440125,291,88
3.292984939920707,1.758201649201038,67,1,12.131796139368404,83,128
4.86945781490873,2.4014698768384806,80,3,0.2570902328636471,13,379
1.4110343013872333,4.184370786588002,58,3,0.002773750797042986,0,108
2.199722968792895,1.1283639855688619,71,3,0.26306799882943416,5,131
4.606658091355486,2.9981308027846576,83,2,1.106106840862453,21,417
2.2705655358531547,1.0195620883234975,87,2,4.388034424403335,21,182
3.196476928641138,3.163061554793016,90,1,1.8691825576075576,18,267
1.1360718480501784,1.762300283769302,59,2,0.04716112067991444,1,72
3.48440696822971,1.5079688444396293,80,3,1.8499132490055086,25,297
2.4641407233465076,2.570595945141156,77,3,0.02912849106440189,3,208
1.5558085363977678,2.4556063126678565,93,1,0.5352171484240338,7,144
3.904397935513855,4.581742281314963,65,1,0.870623167466244,12,273
3.99108539154671,4.054557520290757,95,2,0.07770693532832462,5,404
2.056278859942506,2.914110632867182,94,1,0.7992382708185619,9,212
2.724120796117566,1.5728312413773855,59,3,0.08841128853536533,5,165
2.5867868195113597,2.3997973852418517,79,3,0.03778434659997762,2,220
1.771744778386498,4.784046699457637,67,1,0.08199586962220975,3,128
4.7091676142924594,3.3581595759202933,58,2,0.33835861075756035,12,284
1.8556783311241545,4.700458861410011,51,2,0.00743276877495365,1,114
4.638643962357225,4.434747710768113,98,2,0.11480155426233424,9,423
3.61275527374788,3.2248756480993026,87,3,0.005124881116299608,1,310
4.585020947778997,4.322127311616066,62,1,2.4801889354802427,41,282
4.962124804183498,4.469039810851449,78,2,0.23511287225178162,13,399
1.63848134729737,3.2909988445897023,69,3,0.0009980085896690344,0,111
4.386315446184986,3.956104868826798,55,3,0.020719555355828707,5,243
3.9490546406141522,3.862587900049891,85,3,0.02490091952368779,5,358
4.976144495106638,3.295073826962682,63,3,0.048814160356512364,4,324
2.409160801961015,4.133213753717714,83,1,0.3430942400605972,10,197
4.603046863883247,4.935564082601264,78,1,1.104377988150808,14,384
2.9580758768121767,3.6259271376790725,77,1,0.4463649473051436,6,209
3.104660081172851,1.7090160008734236,77,1,18.865260126679193,108,125
3.9009591215090667,1.2364165990182432,67,3,1.2729944218293023,12,247
3.0675894111768716,2.271922339850629,81,2,0.24067701311340778,5,234
3.5853658151747214,1.4125598491606453,77,3,0.7624886859827971,16,254
2.352112807017337,1.2987504257473166,68,1,13.065774099975041,65,94
4.764655836455571,4.324142764417428,54,3,0.022266128253176563,3,290
4.163735471688674,4.512389749165639,77,2,0.10102431472265326,10,336
1.4452767124900374,2.940510635023087,74,3,0.0009335139437961747,0,109
4.70897697521933,1.4869778381246879,56,3,4.321857114949214,69,221
4.349274066512974,3.451959880228954,68,3,0.01613447109306235,3,298
4.713109960935835,4.061412359161874,79,3,0.018359944546327996,5,374
3.9943960817828454,3.075186493761889,53,2,0.29883123945584705,10,198
2.4692916148237947,2.1301562738059996,56,3,0.007737790040551532,1,126
1.1643281521835709,1.5086785991344738,60,1,2.155594196361851,6,66
4.910228083104251,4.045752825556862,56,2,0.08299157331367261,5,252
4.921570825553436,3.0788140825516113,73,1,10.141869431626283,106,216
2.4822745810603677,2.62772713863389,89,2,0.1215671182882169,3,218
1.666082647556553,2.750279449156777,83,2,0.0215906276667226,1,114
3.7499790523403336,3.9096313239559928,100,1,3.0674545557125663,33,368
3.57998177406486,2.6266689920411523,94,1,13.866745423451606,91,254
1.4013449042234205,2.9904631554900334,76,2,0.006813934115203706,0,108
1.9500550171635957,2.221050259909871,97,2,0.07292050608393376,2,170
1.852459390433597,4.137591791672962,96,1,0.09004158089059609,2,154
3.7497872293784313,1.3821769581097003,74,3,0.6435615318122202,12,265
3.3900368335188475,2.155058864396147,85,1,11.49011584129194,81,214
4.361170960446459,3.593219726055153,81,1,7.1547005185065435,107,251
4.007193807992405,4.252886585389033,53,2,0.05724107542312631,4,224
3.8245407656071317,1.3359060971678214,59,1,20.4324676499573,160,88
3.317914327019325,3.5399741745257485,83,1,1.5489144135240385,18,247
2.631388988001195,1.6937339092478183,60,3,0.09447461582300953,3,161
1.5693002083210965,2.48809583082654,98,2,0.01893586665576804,1,131
3.26417498472847,1.6514154863375743,72,3,0.14835517289139152,5,219
4.3477804991194136,3.5198467584892756,68,2,0.6615198845600561,19,345
1.793578442843958,4.9764836273922395,92,1,0.15083027952984437,4,170
4.381948855149751,1.3330541067519754,56,1,16.377476279056065,169,92
3.1195660555756404,1.3487690083613448,67,2,8.54912086919572,43,199
1.5128598791700938,2.388706531426721,68,3,0.0005767768749386663,0,99
4.909044416220293,4.561981197777141,64,2,0.039783814651608386,3,324
1.1123890769328093,4.988460472018023,53,3,0.0,0,77
4.654293464103956,2.4646630223718087,95,3,0.13954738144842108,7,468
3.4994556825668397,1.405275973286475,62,2,5.541475526469574,40,178
2.6305820193921297,1.5127266771447174,84,1,11.895463222531571,89,132
1.8460316107911052,2.0423349706817557,75,2,0.1809143292452137,3,121
1.1459019871975311,4.2244761906416795,88,1,0.06650274157166254,1,116
2.5097244169702217,1.453278577779428,96,3,0.1826537247349608,7,274
1.553645883138961,2.513518634869775,74,3,0.0012613291491428474,0,121
1.1610457196628556,3.697558236698115,78,2,0.0013834953674188833,0,98
4.911246171131259,4.523661422697109,60,3,0.012198764357260609,2,283
2.7938327739605695,4.290582775856181,86,1,0.2692255768801409,4,231
1.0211283582403357,4.522562114171731,57,1,0.05835798178275338,2,62
4.909962624621735,2.4642305177292516,50,3,0.11412587981482086,5,233
1.2185724928356647,1.4971682904527355,61,3,0.010516355512832717,0,81
2.8507459981697507,3.133559059102524,85,1,1.1888790311204385,14,227
3.35949512752756,1.767580711677502,61,1,13.464711326205228,82,114
3.723473932894102,1.660997754387492,79,1,18.892459777631892,157,122
2.233182061634611,3.731658423164593,82,1,0.26896882556656504,5,186
1.01712884053669,2.7708572247539434,54,1,0.23931993129250606,4,68
3.285679346936978,1.240849692630304,82,3,0.35624766254790485,8,248
4.577962463168629,4.704234268698487,84,3,0.005252503922466668,3,375
2.5498533470255125,4.738141473607779,100,1,0.22340423485907035,7,242
4.553687020567975,2.654672149036817,64,1,16.435465412748233,140,160
1.8914639743268928,4.461647427302572,58,3,0.003541207926265855,0,115
2.273656378677512,4.745645119561297,66,2,0.014301225760951221,2,162
2.2498352657033123,3.5944234269618893,58,3,0.006343672944333831,1,146
3.0700261632152674,2.20072066960812,66,1,6.400526020489431,43,143
4.423591744317289,2.5764690756377915,62,2,1.0361191366955909,17,273
4.689400894227038,1.1750128406611657,65,1,26.738629047638177,224,70
2.5405937814377983,2.308523538757398,57,3,0.011849221410170186,2,155
3.356970994360578,3.886829187870623,96,3,0.0069282597778749086,1,317
2.7110237778210258,1.261882447163599,92,1,27.25818276950532,137,124
3.268359777514139,1.4420654768868166,52,1,11.812473161122002,103,61
4.193171853130041,1.7434903107643276,81,2,6.363456755344991,61,275
3.8462829024934035,1.436901349573116,87,3,1.0541550897909608,19,330
1.09507135022303,3.260189460060655,53,2,0.002844053578654117,0,59
2.664142276406662,3.735352197360665,52,2,0.049292074188638194,3,148
4.790851519599796,3.669311561564261,76,2,0.12737750060354763,5,346
2.4616977503193276,4.0873244409387395,84,1,0.32375488170154587,5,205
4.71340826307266,3.421777046117679,84,2,0.09968943336476842,5,384
4.218717968216379,3.7831275303649305,91,3,0.016860551888858058,3,359
4.371925463294465,4.104906851281796,98,2,0.09115423482013833,6,458
1.077662387346742,3.0083218374773044,90,3,5.291232250617411e-05,0,106
2.3502342436316654,2.086135697371486,65,2,0.3248576527644036,6,157
3.904498233353256,3.4123711581046066,53,1,3.258025419418837,21,178
3.7346255232793664,4.843290497781279,60,3,0.0035171898032624474,1,251
1.434759750840954,3.6878604937793775,80,2,0.005441870158787321,0,110
1.2995809664550722,2.2131784820896825,87,1,0.7221477864073703,6,120
4.9973985052136705,3.2368048167551047,73,1,12.586744079433778,111,256
4.409359899641704,3.1544264522466463,86,1,16.301313664978558,158,260
3.3678554073236233,3.460979957832252,87,2,0.0709698406124692,4,319
3.500929123490113,4.1593691203768675,56,2,0.028112942362644916,2,199
4.837780157448032,3.690989787111011,81,1,12.652679533290549,153,274
2.4303936671790902,3.6035854658976283,77,3,0.0042567121287878755,0,168
2.4916264100675054,4.232803782010182,75,3,0.0002652880885550469,0,188
4.2112014047919635,1.2174441605668376,50,3,2.662294525537669,46,168
1.65410716495466,1.755901725927881,58,1,4.363056836140211,19,87
3.2257948063919826,1.3478885811505084,64,1,16.699944788783814,90,92
2.363156250683481,2.4509276583194777,87,2,0.13553166230658203,5,217
1.67402336756281,1.02613277479014,76,2,0.7382480369429926,11,113
2.1006833578479904,1.1353166966957478,58,2,1.9465150901811068,15,123
4.880035730736887,3.6355668112465134,63,2,0.2511618104366736,8,316
2.443459656402408,3.3449957438402853,62,1,0.8638262005065493,8,147
2.975667918116379,2.7629172948567238,91,3,0.021477593331825234,4,261
4.557464969267744,3.6300954700672685,86,1,4.9946607340555484,53,326
4.177426442386451,2.9734276591098756,64,1,11.95883354197749,79,177
1.0394989941625297,2.4476173259419136,80,2,0.018422505862933803,0,88
2.5012546451783004,1.5696699699938685,52,2,0.8531619222044187,10,128
2.0089308750094603,4.449033972281002,88,3,0.0036973286761163527,1,165
3.8126185754860797,2.9755269359395236,60,3,0.1341391986724883,6,235
2.342572653898995,2.879728838458083,68,1,0.6136442751007002,7,156
4.965394917579692,4.542919960268005,67,2,0.10033258991898554,9,333
1.2543948901182698,3.1500891695994957,51,2,0.033561444967280675,1,60
1.8727210015167755,4.824106813657135,100,3,0.0,0,189
4.889308842903361,2.297091276159789,62,2,2.2396141225501536,41,260
2.421892429898104,2.283894435191884,52,1,5.588242825306841,22,105
2.8750149961986615,3.6723755707015746,82,1,1.0747030969999776,13,239
3.8959143438729504,2.411417766961943,86,1,18.455968795669968,139,203
3.4132615074316783,2.626292643248747,88,2,0.37164289781240556,12,306
1.3454364338279947,3.5595261883054143,94,2,0.005245642926889871,0,125
3.868828894095822,2.808686261829724,63,3,0.05170856805708907,3,216
2.2220821349648436,3.2517511579782936,66,3,0.015772887439815295,2,141
3.039359220561507,1.2662202278018229,98,3,0.44386811397841863,8,278
4.86679392898348,1.254239066149589,56,3,5.749022114937907,70,194
1.3206604849108041,1.6530198102589937,87,3,0.004113676598958993,0,111
3.2795513933343647,2.2449453687547383,70,1,10.586813978928895,69,155
4.480582160071154,1.876125921638884,51,1,14.076256214257386,136,101
3.621707561268445,2.3202231487898315,72,3,0.06882992334180939,3,253
4.935316707808646,4.5302971043671185,90,1,2.368235908198884,28,426
1.4007553602274694,1.6130298342884282,99,2,0.10294753965432453,3,140
2.7767303055918107,2.8555936391820667,56,3,0.022802021114550344,2,171
1.703424158502255,3.067119726791045,71,1,0.317376119426946,5,133
3.3688871125868283,2.3809616902793556,58,1,6.786810181963789,39,147
1.7025962944969173,2.3290449221880536,91,3,0.010212115828468944,1,163
2.8852946383104476,3.681825745911681,63,1,0.8430729634809946,11,181
1.9082255142187488,3.4534827331128963,94,1,0.5074630374421157,7,196
2.286540177919842,1.982318235928894,60,1,2.3387231149873773,16,109
4.156758191285885,2.332672252047234,84,3,0.16057802392887235,6,337
1.6541913946811921,4.776265933711828,84,2,0.0046599215692744046,0,148
2.5650467896448506,4.156710129064375,87,3,0.0002115372762567731,0,222
4.429754227170676,1.411995698012864,54,2,9.186522621213419,75,155
1.4731395243552963,2.9985529465954834,50,2,0.028584608279162763,1,79
1.6577164150646841,1.3846047851052496,64,1,4.328792944373384,24,94
4.474136008246944,2.0548837042776897,78,2,7.16825214497077,45,307
3.4037012338175474,3.3498997297777775,99,1,5.301962267260708,33,336
4.408153658422098,4.981661798519489,52,3,0.0026235553137595896,0,196
4.678733422825906,3.6658521922356013,80,2,0.12939229306510913,8,347
3.782050382923255,1.4609315008928387,91,1,27.468747967276613,214,141
1.1056814519034233,4.085072899022049,55,2,0.019536403209868526,0,59
1.4843549059789076,3.3684817700254968,60,2,0.01278362951808161,1,91
2.1762057350196926,4.341024600824164,74,3,0.0012287522381013475,0,148
1.0643501006738316,4.798848410745874,98,1,0.07103505607499443,2,100
1.6589866156287525,2.282034200944047,79,2,0.05667282242112406,3,132
1.6576391457735897,3.084446427460389,92,1,0.4340509965261864,5,158
1.645260369585233,1.1934174933714536,88,2,0.3822441885109169,6,154
4.6371580850571705,2.338605871182651,58,1,17.119706081387182,141,132
4.40151968023396,4.310957580965509,72,3,0.011349795777814002,1,279
3.906654433039411,4.937780190950861,100,2,0.03360022225588174,3,390
2.185999575436803,4.798364067971917,57,3,0.006488280926238432,1,128
2.9813268895498077,1.4662509037652653,95,3,0.6048357535656301,11,283
1.8451586834439553,2.583546781810666,100,1,1.2146669168558408,9,183
2.8862449612823253,1.4298146412444077,76,3,0.2443839685558708,6,202
2.586246263598965,1.6034559279629401,100,1,19.9562453093842,97,159
4.9164327947180535,1.2372336129152806,95,3,9.901248703953089,99,353
2.8668037143573013,4.609394520452769,54,2,0.0033634608274874223,1,138
1.2357103159774048,4.3262233655973805,96,3,0.0,0,118
3.4825049848491103,4.87502873787269,92,3,0.00360306587712144,1,341
1.2457244604538942,2.5379865184822377,89,3,0.0022540735930846266,0,100
3.7439252459038523,3.7917906004045707,54,2,0.07602714731555961,4,197
1.90297965275691,2.4027048677119063,62,2,0.04555720433191543,1,115
1.082267951103066,4.411279406103173,94,2,0.007647635282941639,1,90
4.784020700488399,4.961513239173836,56,2,0.07374723167817375,6,267
4.04807534037764,4.012025414448231,59,1,3.0109606647342835,49,228
4.417368058710304,1.9381487683158998,56,1,9.580744931239131,84,129
4.360945220956883,4.416200839646156,54,3,0.014719542127735952,3,260
2.6788759489371228,4.12473942809889,63,3,0.0050087894836349485,1,175
3.5829951234470596,2.0473445380005653,81,1,17.906012274327388,123,159
4.273446797840405,2.0915025552861963,59,2,0.8916555998583251,12,215
4.649594668051323,3.3008006380693704,54,3,0.04503292855120222,4,284
1.241673544199041,3.6619694634606255,82,1,0.09290186741002553,3,98
1.077441845730553,2.761196614092205,67,2,0.0,0,68
2.185320222201236,1.2327392756784934,60,2,1.3067235425752666,7,123
1.353062775834735,1.5714072069439924,75,3,0.01193666615692359,1,106
1.1737454260280722,3.793812469432118,87,3,0.0,0,101
3.772068443677508,4.838709006845689,63,3,0.00481219444960389,1,253
4.40154205092786,1.8057491994370163,84,3,0.4605633989788207,13,327
1.1244357516983627,4.127789532175023,85,3,0.0,0,94
1.5730233373367644,4.830461202830705,83,1,0.07420119129157506,2,138
4.757688325622757,4.200806921434266,56,1,2.4980089894053523,53,210
2.137257687739223,3.154489946776459,84,1,0.6930426738692615,10,196
2.098705107338167,1.4103988997863826,77,2,1.330772663735484,14,172
3.1656876253998747,3.5798920480524483,60,2,0.0560191484461761,4,191
1.1387925967622095,1.6742778465200727,52,2,0.008827071452886361,0,50
4.118339314743789,1.1179725895357868,63,1,19.649848422699616,166,81
4.9768715491450095,2.719380876084184,70,3,0.10071344124889214,5,355
1.772535280040659,1.5348200119038884,68,3,0.07192870937085084,2,115
3.856200765749707,4.388648479713874,53,2,0.03210846802858031,4,201
3.0718870619856578,1.2480064840659577,69,3,0.6492654374078326,11,220
4.829586043507464,2.0391418306846245,100,3,1.5721852690849742,26,488
4.9958054450912375,1.2396580000267128,53,1,19.25655969747494,177,77
4.691669868625418,1.7628749844881462,85,1,21.2943136719194,211,156
2.148331189021588,2.085209257480847,51,3,0.008520367458790399,0,113
4.566533468090509,2.158630244043639,62,1,16.134451244914416,142,136
2.744643235970834,2.473044620665434,74,3,0.01590248069674929,2,211
1.8272307463815287,4.632897127292631,62,2,0.008084935451767309,1,122
4.788767018996445,3.7814793994863916,88,2,0.3175614958638239,11,442
4.109009417266726,3.011581792370542,80,3,0.015555497730925181,2,316
2.796294874814499,4.700545910969077,66,1,0.28648549443004817,5,200
2.332956819788923,3.17964648475565,69,3,0.010165271653559087,2,168
3.918424128843034,3.0318876278326834,90,3,0.008438041205290766,2,347
3.8250132946799695,3.9450007357125174,59,3,0.011674740949341796,3,205
3.504224845619339,2.2265122768863956,90,2,0.44207164967105816,8,323
4.6503599920887915,4.4867449023410035,98,3,0.009640293016993762,2,439
4.866609922045614,3.647454372972042,78,3,0.0185368001905404,2,366
4.255035638629735,2.180944272046113,77,2,2.473150005992374,30,348
3.781078038299704,1.1369141448442748,86,1,28.34078070500881,239,93
1.2200359742258886,3.307046122275889,61,1,0.3378390198541897,5,77
3.4944877931794807,1.2500815834919954,96,3,1.5705230516352577,21,333
3.2162243144919223,2.5743228047298823,59,2,0.11961601435899724,3,197
1.8751971924985908,1.8519326521562514,81,2,0.35326474499021954,6,182
2.643190886547759,2.5102608086078324,52,2,0.031065557418081362,2,143
2.176253838420527,3.0413516221990893,52,3,0.0036444673042910674,0,106
2.6797703849760346,2.8451370331073624,80,2,0.07409796816138232,4,210
1.512680911221953,1.4987530542641885,57,1,0.8092728541741799,5,77
1.770262977403914,1.9318435283321462,76,1,1.049974976819637,6,125
4.4820887033987455,4.260111849346763,54,3,0.002132565455047125,0,240
4.644247659198566,3.8110659437793517,76,1,9.365120762541919,85,297
4.784536383679068,3.384508460185666,97,1,14.297363298219429,132,333
4.3334749871205815,4.517637032378188,51,1,1.183235373473944,15,216
4.981476823853887,1.9234876350616505,54,2,5.026459419892686,45,211
2.0161994363441105,1.0719778130994913,93,1,17.75184578679552,84,97
4.00863284445442,4.097038474838509,86,3,0.007110286134468698,2,384
2.5196827721362283,3.116624429616076,50,2,0.0342445913303976,2,118
3.409764246897538,2.8063481515367488,96,3,0.019988073436174574,2,343
2.6785030547879947,3.119282729571295,65,1,4.3369012561258256,28,188
2.6553109611262915,1.1943134246040903,58,3,0.6677364780817812,10,159
3.2744148785241283,4.821722646860413,82,2,0.01891381120382103,2,244
2.9073363640440926,2.202187708228985,55,2,0.45017342081829254,8,156
3.6630646203141555,2.352916298910478,98,2,2.13548790236121,28,404
2.8569319623615237,3.9200219918187664,55,1,0.4765582851344826,7,151
2.7840640584748697,3.1797128570057804,95,2,0.0989777921579697,7,259
4.126943746890545,2.37839242244173,80,1,26.065399971426764,187,178
2.3023877571265055,3.0112501384398342,68,2,0.1322589001981757,8,154
3.6789681424041714,2.7736243981134425,71,3,0.03360714390697314,5,242
1.0176957066583663,4.5893348966272995,58,1,0.016672811029385542,0,56
2.29625917398896,4.270966524583812,87,1,0.1939740946025155,7,198
4.935307391029245,3.6372366122203954,56,3,0.04729880901728724,5,282
3.8560228664755973,2.081064091812977,85,1,17.28045084226963,166,181
1.0119027470337576,4.643317743828726,74,1,0.030665330161296342,1,71
3.5741655423481484,1.3015423290274808,97,3,1.6130859176379713,27,350
3.6456972653045403,1.818946844065585,79,2,1.476003780043424,14,286
1.0983827738995462,4.447037373326203,71,2,0.010818347977790575,1,90
1.264898081805534,4.811812554760228,57,1,0.1340078669682507,5,81
3.3522800552002985,2.8189282764815577,94,2,0.16229806480694492,8,340
2.447170403218688,3.5242532020720634,77,1,0.5394708338576698,7,163
1.1511468687626252,2.8018171308868838,91,1,0.18956542695165368,1,108
1.4955950455087699,2.685245538831381,54,1,0.17131507462182044,2,84
1.0947293090342947,4.2387919388770285,93,1,0.10621759521926162,4,97
2.8018194557081513,1.3960604296171315,58,1,13.576626986434256,78,81
4.266008787698551,2.6411304255902643,89,2,0.4187676406303571,12,350
3.204875257922036,3.8257591227395658,96,2,0.036499626747284526,3,326
1.1085447867095524,2.475964605956747,93,3,0.010074672758775327,1,111
4.809556867969006,4.816387354155497,89,3,0.011767174905418915,3,407
2.6599522071361976,2.170275139308597,84,1,10.47791648382669,75,183
3.522468320806982,4.037398223897128,66,1,0.38659457883053966,9,204
3.238095240275428,4.640545037869289,78,3,0.001306217404978916,0,245
2.734192627445412,1.0447464651462277,56,1,14.383155711561907,80,57
2.3285019192098715,1.2864128699286002,90,3,0.060461152723323315,3,203
3.266182476326109,3.1567504995025693,75,1,2.9135410248645686,20,228
2.968965718990182,2.0550289276163425,79,1,12.680353556191628,78,163
3.743772743260208,2.651833460592065,76,2,0.3122848556527077,9,273
4.851343159432415,4.8442946293285996,50,3,0.006253139697705605,2,246
1.6341268615671605,1.3850814908362907,78,3,0.046009995663949636,1,125
4.435144520967755,2.3290673679509095,72,3,0.14468615717475714,6,315
1.4108977320860254,4.144481215238828,56,2,0.013510680565279404,1,98
4.151993472854274,2.382843973386706,63,2,0.40640144033610653,8,255
4.996409209500089,1.22087358848378,73,1,29.582382587506473,281,72
1.631505104465707,2.022370862072654,94,1,2.4403365658600946,14,153
1.6422576790074013,3.8343169753043918,80,2,0.008795782011916251,1,130
4.087279022509163,3.34811736157315,98,1,9.354189628469202,77,329
1.4342462245119485,3.673248410056149,55,2,0.016009471392439197,2,91
4.169280708727295,1.552887411283876,67,3,2.0257467043852664,26,280
1.3305932894233625,1.5939439123865986,51,3,0.026177745608440904,1,69
4.398088055230119,1.6641877897160655,56,1,14.670459209527982,150,93
3.1625968654568557,4.837355916603082,51,2,0.018252196029245004,1,160
4.766049701016685,4.7894706591126575,94,3,0.008509469456656855,3,435
2.516668930196061,1.382820385656566,59,2,0.8972128303061504,11,157
2.8036938379589973,1.4116028527141369,71,2,2.6031301101850564,22,182
1.7747722659593457,1.6145244171436106,79,3,0.0037265276295516897,0,132
2.436589233526591,3.3743861319236754,78,3,0.0056852332127165315,1,200
2.397056066060425,2.0504267183828393,75,3,0.0039826385772776555,1,154
3.4232958271863323,2.9098843588799532,56,3,0.010444598963049948,2,181
3.193766939492806,2.191263178161299,83,2,0.6679568005390032,12,287
1.4147483400051621,3.1569248129091085,72,2,0.007310690401293278,1,113
1.554245564898832,4.533895105158364,62,2,0.0016673938617010873,0,92
3.414128530091074,4.295884517159687,80,3,0.008419234071004537,1,256
2.101940628935342,1.4008293848031683,76,1,14.406633343084518,69,100
4.543613497127904,3.093242804664264,84,1,13.509218837404932,132,235
4.908671512939915,3.542894951183646,88,3,0.0430267921830707,4,410
2.4602154693752243,3.9788735634710615,95,3,0.0009439139950318582,0,220
3.602677623066784,2.7904611896261704,60,3,0.06110339987427286,4,218
2.1714284091908342,4.914261514709877,99,2,0.018094081361918802,3,258
1.0650628025382316,2.7229866328544188,71,1,0.36805369750750627,6,84
4.015985314954955,2.964110700026522,50,3,0.025594701718196396,3,208
2.138713070495103,4.6019623404970424,80,2,0.00624562047546317,0,174
2.4321067353943255,4.539769571760527,71,3,0.000509208128610185,0,175
3.6843094080059364,4.347741033396055,74,2,0.04674115248452017,4,273
4.545760024906304,1.2724547364030405,51,1,16.913101344930084,172,52
2.046918566424998,2.4578883239626723,96,1,0.8118512886296577,5,177
4.892857249820296,2.8341623049655063,71,3,0.2135623034714203,7,375
1.1520941957537345,1.7922718964744782,90,2,0.039269163788931714,1,108
1.4650152389899804,1.7203073143936947,80,2,0.15082471649939613,5,134
3.5899106658969293,3.633048891325956,52,2,0.20437643659215762,9,177
2.2103215986438265,3.6016627413445166,63,1,0.30691371336001705,4,114
4.3883960942411715,3.7261578788683023,74,1,2.6833411966016008,41,255
3.8280350422335587,3.699891746055162,80,3,0.015522175386429117,3,314
4.03830384580678,1.739242180768557,96,1,26.811200225600366,228,156
3.1044405711756564,3.7137220731631935,55,1,0.7892338592019864,11,163
3.3532644696873697,1.72858567347801,78,3,0.14232927562560366,6,246
1.9808350335708824,4.697253123037605,100,1,0.20669168061586005,5,181
3.842923336238378,3.523356551978706,85,3,0.021301246124821174,3,325
1.0705730766893229,4.847864533194512,79,1,0.05406200450360048,2,71
1.1304624739126314,4.405214986279246,91,3,0.0,0,114
2.3790640237232226,3.6691769247933537,93,1,0.20191281533129846,4,213
1.5114218058896078,2.3370408201306243,81,1,0.4604442874523142,5,95
2.8263341931098607,3.5614217638120635,62,2,0.03633293137833314,2,162
3.2504975742191324,2.3008852854651383,62,1,10.193725994561254,69,133
3.159806142603486,2.965495749088318,68,2,0.22025240395733045,6,234
4.322406883014477,3.695394555131303,67,1,10.357548310603544,101,252
4.678000072983711,3.1115744920305333,61,3,0.050308330489126266,5,282
4.489369172441016,2.9907496944666074,86,2,0.2042966108821746,7,381
4.1255504537608285,3.356780033005368,88,1,6.2716348225164795,67,290
2.045334074393546,1.0977802478741263,57,1,16.94855649873847,64,51
2.785268838296868,3.609514068230298,58,3,0.014804086470661382,1,158
1.397379351313257,1.7564260927664699,65,3,0.0024055600157560798,1,72
2.618780839712402,1.986257339355447,51,3,0.05547116430445608,2,133
3.0368433461658055,3.4258558852515493,51,1,0.5930725785164297,7,139
2.2550676524184112,3.954985818183794,90,2,0.022760050306937264,2,196
3.5404982691304774,3.740811003366631,100,3,0.0020253358376792993,1,338
2.9674213930033337,2.922282931624281,97,3,0.020027825883281492,2,278
4.206349062897845,4.986781150858063,55,1,0.37866388421067526,8,209
2.5202874546901404,1.6362418429540573,97,2,0.5715792148605107,8,248
3.3350915319082057,4.714490451867102,62,2,0.025056645602090644,2,190
3.076365173167649,4.110620220902594,59,2,0.01858679611189201,2,180
3.0150441279736273,4.699758973836527,64,3,0.0054968723388099175,1,187
1.6720756087760509,1.4446911777090854,68,3,0.07756612324085362,4,96
1.1114938893293744,1.610734408991862,96,2,0.07939888235105678,2,106
1.1854433892052798,3.727179149201426,83,2,0.006143232956752047,0,96
3.7044577996042194,2.530299101434828,86,1,17.594532651869258,107,198
4.711069304634071,1.9906035144679097,55,1,15.003996092089968,162,116
4.546415307876837,2.864651903780684,55,3,0.01797202821847475,2,224
3.981123540079584,3.8463110591436966,55,3,0.007128913944892384,1,223
1.2446616736937424,1.605005107732846,68,1,2.2175236484950323,13,90
3.174722651998464,1.5056334025818794,74,2,0.41621308068959945,6,197
2.9912963691446715,2.096021391493991,71,1,9.141560058271109,67,146
3.814911287142741,3.287203870446108,55,2,0.14805611053173479,4,196
4.768279793712001,3.9760495691888074,55,2,0.1302436344829384,6,276
3.7578105161861597,4.51100553978459,50,1,0.6716300329474271,11,185
1.6365380046192302,2.9455588834635225,100,2,0.09608267804869146,4,163
1.8375287503621354,2.810234112120731,99,2,0.03918438274562926,2,180
4.02794457511213,4.878139201634429,95,3,0.009836021083490997,3,418
1.4308092761665425,4.442034633911838,58,1,0.1266196016288109,4,85
3.0893986757699197,2.0414618417858654,81,2,0.21746337306889202,7,238
3.1659593307667313,3.122874108052187,88,2,0.037937523478905645,2,274
1.0739054935476213,3.7759255779973495,91,2,0.008935564598665843,1,116
4.555019116337609,2.7765813925946903,92,3,0.02916271159315623,4,416
2.6560048350248184,4.370082089994582,88,2,0.03410052674994424,3,236
2.7948067890741046,2.8750903690629985,94,3,0.019625276441588204,4,236
1.3894214042865007,2.6266482538316147,62,1,0.22773671469701628,2,86
1.6040795070992218,1.6573171653170853,71,2,0.1413544085624894,4,121
2.7197765982852373,1.4109932070667512,77,3,0.14093779062152925,6,211
1.7132789990279291,1.8736851564928751,75,1,2.4183740103382707,14,120
1.5766844226631087,2.845425685398813,56,1,0.2882705663482256,4,88
1.0467500970365013,2.39124457757016,51,2,0.014452533326005204,0,56
4.209335153257519,1.7013369513863386,86,3,1.0467370663065052,25,352
3.8097101573497576,2.597922162676953,64,3,0.11800837352093002,6,256
3.4351381034223496,4.536801331178113,56,1,0.41067793632856286,9,174
2.2552795270340287,3.1232928066177914,88,1,1.5613362381499212,21,223
1.994436078470331,2.2200571763994312,64,3,0.019946889731467576,2,130
2.6605428496164083,4.4466220766613604,98,1,0.41844091610791934,8,294
2.168638578158599,4.393856757162398,58,3,0.0,0,103
2.386530824685553,4.467719893607564,96,2,0.018055549342411967,2,246
1.7486561486555963,3.35025766812581,91,3,0.0030440065394462313,1,160
4.241012669038236,3.6746478409559935,66,2,0.07455617816256126,4,254
1.1258960534425113,3.4263498099076344,86,1,0.1263863858734279,2,96
4.380641517142127,2.232444131844985,65,2,2.88189666592565,27,262
2.0586279620574692,4.963544166474165,51,1,0.11359618786940509,2,109
3.8952514164089282,2.863220992043309,68,2,0.4447312537439401,10,302
4.028855184429584,2.8712997781233347,76,3,0.04760582419559228,6,291
2.6055085595427716,1.0630786967429255,82,1,20.543111822282345,99,107
4.714332819585355,4.749131019152441,77,2,0.05262450574615719,3,356
2.2002500073379125,2.017110007311668,98,2,0.24668509260847185,5,228
1.558101885195187,3.022914149290569,76,1,0.39680119340369735,4,123
1.498532019182829,4.591264455126703,77,3,0.0,0,133
2.093524319651353,2.487569826439135,52,2,0.0498434153246682,3,112
3.813233266890416,4.357927810162455,67,1,1.2979271400369619,17,261
3.9819662371555458,3.3950682818377897,65,1,8.386719537829793,47,207
4.858206780447933,1.9312040963830577,69,1,19.552996915324798,149,132
2.1315000435945737,2.8548222134322954,62,2,0.029428964691283706,2,117
3.3238678528033807,2.5447011688596795,70,2,0.298270780463061,10,205
4.71790534394693,2.3688243314004795,50,1,15.467587975739058,161,100
3.005815702426245,2.506127674569236,51,1,5.456767506013301,26,125
2.2156510892753047,4.296179591293415,59,1,0.26173624268757484,4,154
4.621257906524143,1.060987311460094,64,2,19.479878407746668,178,114
4.274539659630248,3.879082098678191,99,1,14.75446065015414,114,328
1.0807747803649286,3.6571404650206953,77,1,0.2223209453879072,5,87
1.3934351268329204,3.6223085727064097,92,3,0.0040131751402845625,0,126
4.261603746223345,2.1900190238375723,60,1,14.615809348667124,124,139
4.535004449810971,1.04177296262273,97,3,15.020725905347692,130,324
2.732901671005237,1.0645277626873892,61,2,10.457106371265072,55,116
2.15613923170224,1.2554107524502913,66,2,1.0048478513836485,8,148
3.2663368685728185,1.8037708647342243,84,3,0.07730038034141054,4,240
3.2109976949063057,4.579936097375912,83,1,0.6441001058361542,13,283
1.5048737662680618,3.310387827382609,59,1,0.3598293200287346,6,111
2.2253512046255115,3.0248789746628626,54,3,0.0039061176405407873,1,127
4.044311332239135,2.9742822438576297,89,2,0.11141539294965305,6,335
4.637146807743304,3.7185311150242306,76,3,0.03884147550636324,5,400
3.205203727586151,4.87980793294812,98,2,0.025378994032071195,3,291
1.5346407680672547,4.4610563673766945,76,1,0.06639745350083164,1,113
3.860141704879702,2.7437228426140705,92,1,18.44985135981905,136,234
3.5502729029556797,2.7220719261249218,57,1,11.024657681249979,54,142
4.726082970924044,2.0966842342874457,75,1,18.981058799766974,159,172
4.194559959078429,2.5899760254195545,66,3,0.07051187507378688,6,281
3.7526794256556726,2.1768696426851424,58,2,0.5273437332065255,10,216
1.7768540656902556,1.5344501431829345,72,3,0.08695436687349088,4,129
4.087662317493786,1.462700581345596,96,2,11.056991519756734,95,293
3.381487652623397,2.7494565076316,92,2,0.43990793900390085,10,310
2.272130176789013,3.359470672333788,91,1,1.0127739456451181,11,226
2.822136147670341,3.0404245106179553,54,2,0.07854579287810709,3,154
2.2903283702152284,4.481468855140557,69,3,0.006528638469232543,1,164
3.501003342219178,2.970092521879524,97,2,0.1526823397332909,5,311
3.4497641673597412,4.664635706708735,100,3,0.0011843728689521168,1,347
1.0722735110580843,2.9307711503072986,54,1,0.06489438526353639,1,41
1.9224276348615668,4.837546778851776,80,2,0.0036710925059218165,1,142
3.5156255373760192,1.948849611279257,87,3,0.23668484470392692,8,320
4.4226050322031085,2.875436417354192,86,1,17.770208627461795,189,213
4.096715827258661,3.873312678117926,68,3,0.008544313309989355,2,295
4.440502892807097,2.213937326219307,78,2,4.134980713166412,46,360
2.303965714936941,1.0180072941028206,99,1,19.477165591424978,118,107
3.812354870243833,2.134251025840107,67,3,0.17509075067649557,5,283
4.73024349870803,2.451207284667796,87,2,1.3050746400694415,16,398
3.2541447826653758,4.295261170578525,57,3,0.0018393395868562068,0,212
1.6066240448845246,1.2343853055669132,97,2,0.7862228536940107,6,141
4.032855983223553,1.0787190244462908,53,2,9.487971909136016,100,127
1.379501472169482,3.585426697162685,69,3,0.0,0,66
1.8084229582512745,3.4129068043568127,56,2,0.013355406824066243,1,89
3.0860134368616774,4.230449487507787,94,1,0.5712121230996943,9,305
3.3100178475552378,2.22454306149554,57,1,4.906858161701881,49,133
3.921126547735212,1.8045205206690333,68,2,2.859130600558141,49,244
3.8735592075493135,2.1476107697228572,74,3,0.12765016078200142,5,290
4.455064110434419,1.3805253106762567,81,2,16.957389510017556,146,232
3.959580294839387,1.6693003827090749,98,2,7.045989899166425,68,341
1.9458460514424005,4.738198505205327,83,3,5.962266155488913e-05,0,156
1.2528679495552266,1.9140085509434237,67,2,0.06951588036510702,2,89
1.1891959908004708,3.729333860053055,51,2,0.007213878130750008,0,65
4.631911522081696,2.564623616602793,62,2,0.5343122835888006,9,286
3.711692655380557,4.845036235097316,54,3,0.006379669067317352,1,203
4.599296460264932,2.6059167087520962,62,1,11.655365267925866,100,161
3.3237691984486215,4.631940734003768,82,2,0.04988696603801051,4,312
3.5477466438860437,2.085372810165117,52,3,0.029449789967177637,2,201
1.6799444547047107,3.0307213970992115,60,1,0.25599628400836694,4,96
4.912481908412696,4.64648186366467,54,2,0.09641048861965604,7,241
1.3919972915481624,4.890436612832768,87,2,0.004533651532314818,0,104
3.919276945171202,3.406247983259034,89,1,7.696735765191979,56,297
3.6414828641516386,1.4047517954275133,68,1,18.55732937781716,118,106
1.811914223587495,2.654718748288498,87,1,0.9047328541933093,7,131
3.143691489997743,2.5836511946093537,52,1,8.101995632624538,58,127
4.08643605979609,1.530788401492782,100,1,31.31306437553706,293,140
1.3651903669511865,1.4459075453850523,97,1,1.2274619966373017,7,99
1.6244112694162274,3.2976531267941813,98,2,0.04019140802289262,3,173
4.357781668453724,4.294547177149566,89,1,0.9254915697721481,12,370
3.39953261089026,2.6118772680882776,67,1,7.6960186480771835,65,179
1.3030130364988413,3.6054173545361854,68,1,0.11914372863570416,2,95
1.474801406178293,3.891691390463794,64,1,0.1547756052700171,4,85
4.444394947797111,1.0819847032289212,67,3,9.36611729359504,109,203
1.1505169162512852,3.4905397293111418,76,3,0.0,0,84
3.424715100506289,1.7956568304460632,57,2,0.9933323704541764,11,180
4.824018970123209,1.0611660495050814,96,1,41.31684028376072,372,112
1.340260841137066,4.8168093396239495,93,3,6.850202432015097e-05,0,129
4.871495982708089,2.4192689333913324,97,2,3.0155564855808783,27,459
3.8131085162061207,4.740221357701506,86,1,0.6976322744393589,15,326
4.590558849661447,2.9018830646017957,88,3,0.05102135430993127,5,395
2.3699971447338797,3.3342558477880186,58,3,0.033019919252870726,4,157
4.407088368959991,1.0712810453910246,85,1,31.72487015819502,289,83
1.9028879394553417,2.54030735070251,63,3,0.047354234327855495,2,118
3.5417352217816767,4.021626475954329,64,3,0.007996375069341439,3,212
2.1078267674733087,3.678453216137721,66,3,0.0017916465689337998,0,144
3.1529724758678235,4.460037043547159,64,3,0.00096040394521256,0,223
2.134430128623428,2.5231341006757586,62,2,0.039213290470952386,3,139
2.5342627717741206,3.25957084112526,98,2,0.030958444125878757,3,231
1.4577918433844852,1.5420480269161727,62,1,1.7618806967557727,9,89
2.9033139356576267,1.7726324145585695,59,2,0.37073603919790266,13,163
1.5400538406066189,2.1707386867156115,51,1,0.47047350813926125,4,66
4.410130998913369,4.496236000233893,90,2,0.05806680286549225,4,396
2.409494720535561,4.690893070094713,61,2,0.013048272305434521,1,148
1.556786204666258,4.536726648156763,50,3,0.0,0,77
2.2404787473022205,2.1905783632884903,82,2,0.10087386384352429,2,172
4.000202156483361,3.188732977184845,96,3,0.0273499463327285,3,361
4.268158704544076,1.6855827313772678,83,3,0.9313487155281992,14,325
4.503305364644635,4.381146501772729,53,1,1.418309771524937,27,216
4.546451008161597,2.819790754890442,100,3,0.050358073790083724,4,467
2.5525679406402375,2.711325088283971,91,1,2.6544471451658276,18,244
1.9847003185276901,2.0904306685477794,67,2,0.07490637300525683,2,138
4.967779547895674,1.6700738464508964,93,2,20.002501209908754,187,303
2.4963138199381256,2.5013302570360287,84,1,2.8850951318803206,15,187
1.9189735485454444,4.227786468737815,53,1,0.32957215969355363,5,104
2.732083664624368,1.5161263569193375,95,1,15.908291800637604,127,147
2.7393179233922136,1.833201553957399,88,2,0.8075485311244542,13,250
4.740743039905061,1.1566253707652017,71,3,8.015214012080834,79,252
2.001938471970593,1.0394456576751065,71,1,16.466578649545628,61,74
4.249453220380449,3.152588835149967,85,3,0.043030277895281535,4,376
1.6129681812259689,2.5677799503525303,86,1,0.4448333816824929,4,134
1.195920583941461,2.083897940212996,76,3,0.005040253602764018,0,96
4.864521312975921,4.276743875767416,94,2,0.10447005931822356,5,491
2.3406309275177524,1.677823829199372,55,2,0.598966020701243,9,142
3.610494241139254,3.4086618175396985,93,2,0.12901106840919724,5,360
1.7346962976535143,2.625199368134046,78,3,0.009149047675677582,1,148
1.852342953115118,1.9956068656276305,83,1,2.6165180971644166,15,132
4.879725166298378,4.976148516308285,69,1,1.6460949299756256,28,312
1.0356902440093707,4.429231683620513,92,2,0.00036778433688794247,0,103
1.9503025530739704,1.4611718060697756,97,1,10.953005410764085,42,129
4.094643447050975,2.706405939894635,85,2,0.2621607240282035,9,340
1.1791604229945425,3.655887711482991,68,3,0.0,0,80
1.350664954146969,1.2658424057405373,56,3,0.09088493172916265,4,77
1.4844730204262917,2.040093019523397,100,3,0.0062472601464865045,1,164
2.562988403451784,1.0210005931063013,87,1,26.640646265276015,126,94
3.375796439973336,2.604747667556815,57,1,2.88368771002909,20,158
2.9324283666157593,3.3665894997054964,86,2,0.061564075332582575,2,237
1.3518631979073596,1.961215777209381,73,1,0.31717469327070913,2,82
2.897370388127378,4.322982861334447,78,2,0.03231840650469316,3,205
3.584098513215018,1.7752467440538067,87,1,22.858308128408943,194,160
4.7008139186779125,2.1338700579004026,73,2,3.283934177631538,35,315
4.557768726746035,1.6206998117381497,100,2,11.464690288517437,150,338
3.0040503546576423,4.333330586256992,67,3,0.0012549921742687604,0,186
2.6513481815715507,2.354818478611452,69,1,4.105920153329057,27,144
3.0166640600677925,1.7162102228186291,81,2,0.9163664451056542,11,248
3.9536828300700457,3.6752186581789585,90,3,0.010841146982157593,3,327
4.49529718087623,4.609015895442648,91,3,0.007099986442824532,2,391
1.8329437625230516,3.9371270338729873,61,3,0.0003336397191663414,0,94
2.900869206152455,2.7038604268709716,84,1,5.072579445395725,28,229
1.2300760360935716,4.914749371085202,61,1,0.03515814848330565,1,59
2.864009248034431,2.6161786637335585,70,2,0.12734202867419867,5,217
3.602150728088782,2.437876488607139,56,1,13.59097722042502,89,125
3.13974477210292,1.2072063303886167,68,2,4.838790572633631,44,169
3.6365451893184058,2.0882765354718984,62,1,11.226592756277222,90,138
4.743671545333848,1.2800696042594515,99,3,9.737553054657317,116,391
3.6657712951656807,2.3763715839909985,59,1,12.415908863426539,95,143
2.479968249925046,3.969344037336201,77,2,0.023039334415275593,2,190
3.351582237856214,4.3188095521684495,63,2,0.03802934867313237,2,196
4.13984373334052,2.591583078023791,89,3,0.07533295296455571,4,365
4.634579729301542,3.99861193589374,90,1,10.322680359758492,66,349
3.7190644559096664,2.4063143647246386,58,1,7.5020438281192545,66,159
4.814384318701281,1.8200984988575941,81,3,1.717692554892149,22,361
2.081589069660468,4.142297228915444,88,1,0.16344173004814125,3,165
1.0180742071341466,2.7634768983498934,50,2,0.0065665869166104465,0,59
4.925464800304027,3.2866421138907063,74,3,0.07995636610653536,7,398
2.5387312335083,1.3164146366605571,73,3,0.40427034621139546,11,184
1.8363436435067926,3.5309896350585714,82,2,0.015941427177899488,1,150
4.274714373266391,2.75948107925725,85,3,0.09902275965593223,5,361
1.2172274965113195,1.1296642538299828,98,2,0.2555441253705348,4,127
3.674019765289804,1.9182867305516478,58,2,1.897055486232976,18,182
4.72185121742355,1.8335090786435089,70,1,23.76128224438325,197,131
4.943442306369681,2.219711340679948,100,3,0.20064539641397727,10,470
1.3296382548364476,3.110406534786631,95,3,0.0,0,124
2.43829387151199,1.1991851360518608,90,2,2.5363414719972495,17,219
4.3502163424665845,4.618946296116505,75,1,3.516578098576767,42,318
1.09751876516445,3.1234568758637185,78,1,0.11935604295220463,1,77
3.968130923859054,1.128150816162179,78,3,4.318648312703658,58,261
4.80943453289015,1.201349746096302,96,1,34.013882212182764,372,119
1.6054272034183592,2.8917368771630096,79,2,0.019370099235133092,1,142
1.4678710472126264,1.1607864919473725,100,1,9.055779053660391,26,121
2.5663471529832185,2.087779053373363,71,2,0.3061625006083284,7,175
4.782670097223818,1.3212262541882223,91,3,8.942528192442962,103,328
4.100508088479945,3.9547796919719405,52,1,3.4116633054315306,51,169
2.1043804864724964,2.9915903672467508,85,1,0.31919550854361545,5,184
4.0220011992672156,3.578682030532536,75,3,0.01460724253139657,2,312
2.956831201691965,4.014066165677864,60,2,0.020743378158285006,1,183
1.048191709502467,4.1984768853610905,75,1,0.14006433644849015,3,67
3.3079971207969203,1.9076298396264368,59,3,0.04894413612496091,2,184
2.230701617380858,1.678613640983452,82,2,0.23866102489266366,5,196
1.2340581723721895,1.7211605963023393,62,3,0.008112965261187415,1,90
4.163432607099951,3.6535059101081053,95,3,0.019233134106960724,5,378
2.444539502125219,1.2374293785734065,81,1,25.18538109612475,110,92
1.2609816276440866,3.9217896575915105,86,3,7.419152403277993e-05,0,104
4.465197618194917,3.713839461375716,64,1,10.03376378161655,66,234
3.523609579157195,3.308487625020628,81,2,0.14750586116290398,7,291
2.833257627863544,3.0644911027528488,83,1,2.2040542278641007,21,225
4.000810611588576,3.7561515231399967,100,2,0.06304489836347332,5,390
3.93079174151166,4.690604430126628,73,1,0.7647269543300561,15,278
4.764487214294914,1.4798921254899096,87,2,16.449257819493994,138,258
3.479383582135445,2.0175154963224164,89,2,0.6010086851046034,13,300
1.291623262798137,2.1923515675683274,89,2,0.045989258236237986,2,116
1.8269214811466683,2.463156190000561,88,1,0.9598279646437995,7,154
2.039359528836181,1.1877398097472445,69,3,0.13811299643213545,3,133
3.8566938340348513,4.346603500265596,54,2,0.05788163030785959,4,203
4.175228744216243,3.6110899843009827,73,1,2.605195039595188,20,282
3.36791572529599,4.438253110711784,65,2,0.04915304294368959,4,212
3.1457088194259235,2.393351630839462,75,3,0.01647773117275269,2,231
3.832530242154042,3.880308830262181,63,2,0.060964626652743444,5,253
3.110622872719826,3.7394610432104622,50,1,0.6797694250255143,9,120
2.602664625791258,4.649542144806194,93,3,0.0011725131413892573,0,242
1.414824920095386,2.504879336828974,87,1,0.90130600111519,9,110
4.578110961379656,3.4927484844064614,61,1,5.940210901916491,47,207
1.2261054500866435,4.673429853466578,56,1,0.055386617790894294,2,73
4.496955143225948,3.11184415920424,92,1,15.636928118719469,157,266
1.7225666301179126,2.6175389447698603,73,2,0.03491837108158885,2,136
4.8222423751783206,2.5203264190345527,89,3,0.21837302351140758,11,425
3.2089715507669747,3.553032937616956,89,1,1.244674934698332,14,269
2.457548856194531,4.146625921545548,92,2,0.02341850857860593,3,230
1.749401197889095,1.7242736376709011,50,3,0.10578755645994244,4,100
2.633622699618008,3.8788574387937054,71,2,0.04267979091134596,2,199
2.6552072778599434,2.751376729276254,75,3,0.027078755543065613,2,226
3.9305946129264444,2.646546884924788,61,1,10.91851650112676,91,142
1.1985023656744098,4.7361272553288964,65,3,0.0,0,76
4.995063437366522,4.990996929758082,56,1,1.1896347890036094,17,292
2.26522919304674,1.097779700149689,63,3,0.34605154290976475,6,132
3.8307557142521667,1.0045089674181278,82,3,5.942709346509239,53,267
2.433427274544051,3.545296888009473,86,1,0.3590311645723884,7,196
2.5901170653804444,1.7099047630510245,74,3,0.08188876675535069,3,184
4.986271555278081,2.5867308330672145,63,2,0.6420951239318082,11,308
2.057523543000598,1.6025537306522004,65,1,12.56350996571223,44,103
1.5056874366021922,3.212808897848901,70,1,0.17703020104008643,4,129
2.998733381044499,1.5221814925831878,63,2,2.644415106557505,17,169
2.0944948202444142,1.2075978783610637,60,2,1.2616779006275476,8,125
2.413004733069123,4.8647326963488045,91,2,0.010776105283079472,2,241
1.5279252836529826,4.191917701640363,61,3,0.0,0,94
1.8015489427672953,1.9272013296251984,63,3,0.010014081935574293,1,104
2.968946452412283,4.00816263975817,55,1,0.699535170563222,12,182
4.239626457868737,2.277680281978791,52,2,1.242989078759778,19,216
1.0816123398221933,2.9265878563751495,86,1,0.1161730855030898,2,100
1.0139149826340454,3.8033102992093712,100,3,0.0,0,107
3.415104906905335,1.5611359872732615,68,1,15.411228345795772,121,121
4.6865685797590055,4.154108563779683,68,1,3.8247802376730484,35,293
2.93501210305747,3.1087655606760505,96,2,0.07030673295169093,5,293
1.8851303667724477,3.4682007273953324,65,3,0.0,0,124
3.8540975248462086,4.820305901673243,81,3,0.006671280878610009,1,330
1.552344278708381,3.788920764912515,94,2,0.009100987116295376,1,156
3.6790805015038144,4.458674050943636,56,2,0.04175318410168747,4,191
3.6326205315827975,2.017633484220232,59,1,19.97983922994881,127,105
2.6506520959995723,4.105788063849591,95,1,0.33864009260398265,6,235
3.484480000326499,2.6443826831991095,89,1,10.75549647785657,83,228
1.2093427896770765,1.8844470806003288,95,3,0.004499774340621613,0,119
3.5684272875961764,1.4098638900924043,53,2,1.3792692192325118,15,146
2.6764217232567846,4.965134633243151,77,1,0.22937951426840272,5,214
3.0801825064641464,4.767024523820574,59,3,0.00180041714986204,1,179
3.1530768000059872,2.005234250167195,94,1,18.5955565350212,102,197
2.392261842098892,1.6667051316064962,75,2,0.6596858619058634,9,203
3.41840959356433,2.204071243503071,75,2,0.2341490342508641,6,240
1.7435662818561934,2.349305529556849,80,3,0.026499072801064918,3,153
4.226762411065976,1.4791779150897075,68,2,11.253835976304586,80,203
2.2838400363995026,3.976290029222865,89,2,0.010976406130807843,2,193
2.6720596083049477,3.8961865720846154,88,2,0.0395472858602339,3,246
3.1441392212397337,3.084289787817711,62,2,0.14987197852964487,6,207
3.9775169689981995,3.8310753582205472,64,2,0.05927477493882351,5,260
4.372503163919465,4.604645575799058,72,1,1.096442519311182,15,303
2.9970726553105806,3.0184371602549818,83,2,0.043424672248469354,3,252
2.248929065016831,2.9242003394159606,91,3,0.00569917867625941,2,194
3.9813151508882627,4.957979313745161,100,1,1.0847049983421475,17,418
3.3285547996374603,3.3240645243753084,54,3,0.007818782030537581,2,178
3.0867819926687483,3.65118182941049,96,2,0.07215213882798552,4,301
3.899611866766231,2.997289200933443,53,1,14.326662717986089,89,124
4.769297287257219,3.168194557980827,62,2,0.4744140219016891,15,291
4.391663531885881,2.9895870223025565,62,1,9.419706557603996,74,189
3.4552472327815216,3.2596785657424125,60,1,5.349844366156262,57,176
1.5428021955441684,2.3738014386238078,64,3,0.011262373139750176,1,106
4.412437754904191,2.5156326739320845,89,2,0.7915162181507788,14,401
4.931194761721884,1.4150766505383672,92,3,9.070556974059707,91,391
4.493184906405363,2.426951099372005,71,3,0.06303751756486912,7,295
1.193727645099366,4.785024846439081,66,2,0.018315435160830618,2,80
1.8144173254795106,2.8523254402288116,100,3,0.004472227827395616,1,172
1.7117028295084697,3.7985074764293896,54,2,0.021463856994408993,1,89
2.3880414915413883,2.2106708123777468,73,1,3.888914769741718,20,160
3.7215085235110985,2.760073772107107,95,2,0.3090627868602414,9,352
2.7532665027581475,2.8117093943526372,67,3,0.02756158984365359,3,159
1.8399129170171333,2.376236165894135,74,1,1.1212141500415458,7,116
3.2439618732478137,4.917699945180897,83,2,0.019155241611300087,2,220
2.552316345114649,4.568969168150147,59,3,0.002414742572070048,0,164
3.0088380051943155,4.439565226290966,69,2,0.04786012793240737,6,220
3.1131866458052726,2.303838374693391,75,1,17.76655578950501,110,125
3.437192259652727,4.672564503862436,53,1,1.0400174005228855,16,188
3.4944279512118697,4.172828616974101,82,1,0.7241133525728762,16,283
2.1899117349045523,2.1263669823688227,96,1,6.152207825905164,23,202
3.8957837487757576,1.060037673950689,98,1,40.311552332232594,295,85
3.6117737642240817,3.9466500505349384,87,3,0.006658499924752119,2,304
3.3688674087266985,3.99312395750709,89,2,0.056176079388624574,3,306
4.055961167969588,3.4637310270392936,80,2,0.3448704453161761,14,310
2.9364307012436495,4.288443451316363,94,3,0.0014205221730112594,1,286
3.0247401313904345,3.771770043480498,78,3,0.010336892139764688,1,207
4.001244533662068,2.3193596554638694,68,3,0.1377611190815205,8,296
3.877947303139369,1.4303566098359672,84,2,14.703076599420232,118,221
2.0249042498846057,1.5729980387189602,66,3,0.10783359440880005,4,129
4.352670392908838,1.774185325117851,65,2,8.726133233987392,67,197
3.6611259073496654,1.3799364225523947,95,3,0.958051102452407,13,328
2.4264588004584593,4.885230269805016,93,3,0.00034423551477785546,0,245
2.6435926059576307,1.0348014455613779,71,1,21.52107076294489,108,73
4.775819212043162,2.797160771463332,69,1,13.164638248203119,169,179
4.964654104879358,4.595351545784074,90,2,0.10098471219357918,6,473
2.126983795646714,2.7670871673764945,93,3,0.00971376635403456,1,203
1.9823624137431635,1.985651327175705,53,3,0.022453741569365745,1,101
3.3642430330681123,1.424004218882755,78,1,24.980735349133358,169,108
4.182799969098482,3.922146509441203,84,3,0.028142429459994296,3,391
1.9269166055157623,2.679323827692174,97,1,0.760521796533863,6,165
2.769638124634147,4.906023380412369,51,2,0.013067398133520145,1,143
1.7681982958912204,3.115254430076879,96,2,0.02962975110708149,1,164
1.9633799054886265,4.23097712101111,67,2,0.005408603066938175,0,166
3.6932993989978335,2.6633371460432564,54,1,4.88544431970474,64,129
4.624163227119555,2.1060164750024897,85,1,24.137285740376722,208,194
2.8512410144738105,3.236813020257459,74,1,3.7116004722043585,28,210
2.6572744098807775,1.088134745153996,98,1,27.996101020416578,161,110
4.250046646758731,1.7714471153148272,58,2,5.979634559904902,47,223
1.2156359863238344,3.017728462029697,79,2,0.009260195854285856,1,98
4.097459964094018,1.4353043394678622,91,2,17.162605630503535,138,238
3.671040092464807,1.342646279169553,72,1,19.66842652795581,159,107
2.803795471681073,4.607519333605831,52,1,0.23895482788174355,4,132
4.327823960909825,3.291721612280998,77,1,7.403098936582528,78,257
2.327275876245243,2.384013112547692,84,3,0.006518909870771036,1,197
2.3064672974505274,3.802283209603836,52,3,0.0,0,130
2.3982215905830846,2.1731018075458093,98,2,0.35660265318905704,8,234
1.015954221881222,4.782835774196705,98,3,0.0,0,110
4.8856940748085815,1.9871743215573368,56,3,0.16167210700917178,5,254
2.825530827343546,3.1833365804854137,73,3,0.011360509396678318,2,190
2.914945653752517,3.7594335272613515,58,2,0.04206120995267851,3,172
2.906306484164914,3.9113105988299766,91,1,1.0095415076486014,13,255
2.608468341953107,2.8589842495150224,85,1,2.134391737985284,16,234
2.6579566276455746,3.552646936802359,65,2,0.0339188125958138,2,186
2.9766646586433425,3.671934656477906,97,3,0.012535430315536345,2,302
1.5924752168293446,1.3991867959584243,50,3,0.010143592603886399,1,75
4.624449003318111,1.3208269066284042,51,1,17.279006863560728,152,72
3.2356837309604343,2.68450580241566,98,2,0.24373088731357456,9,321
3.1552296759125205,2.2554695330349857,64,2,0.1953974417294028,8,192
2.652695213011756,4.707560155052992,81,3,0.0,0,202
4.8108257508379975,4.1426419403403205,78,1,7.0129561707029655,66,328
2.039177597240099,1.5287093247249834,86,1,16.002180070148867,49,119
2.9172922654908398,3.669733986348843,82,1,0.7047452515927589,13,235
3.8524970885284517,1.6622877850626234,99,1,25.78452272066748,208,152
4.100333611903605,4.907046174368347,98,1,0.7385921413250848,17,412
2.145625291109411,2.928733157959082,82,1,0.46618752317126,6,161
4.78717108605618,1.526024672623501,72,1,23.11831490371049,243,114
1.4218545065179646,4.228876540458139,93,1,0.07678127698462676,2,125
1.1969712348899892,1.064982900105297,51,2,0.3234218072147101,3,72
1.8206817560004431,2.335405249205981,51,1,0.46936491948155235,6,92
4.252402370902214,4.508935368858143,88,1,0.8452169123261686,11,379
3.651448915919606,2.5659929098688807,64,2,0.44268996877571687,8,235
3.6458166529610465,2.8095839243093392,79,1,11.519980665898231,73,208
4.1537813121071645,4.015678993468033,80,1,7.9986176502725455,58,317
3.9640642160144064,3.4985760414777034,62,1,11.993185528556467,73,200
4.7465378464911705,4.520630920504412,90,2,0.0934002812257868,6,431
1.9290122760819117,2.2247384561094514,75,2,0.040390167548781435,1,140
3.202113981494282,4.270118242537254,63,2,0.03311424844262268,3,205
2.798682840580232,3.697919077728791,83,2,0.04461818293953582,2,257
3.6617981072797225,4.282455316888447,51,3,0.006606376371582591,1,201
2.6130056536438526,2.6340473020401083,65,2,0.07779771425632717,4,186
1.5977235681816886,4.105658295906845,60,2,0.0018137892817072163,0,100
1.5276625913395194,3.986128836386296,96,1,0.13276279296914542,2,134
2.236812177327019,4.596692469447751,83,3,8.567732832109323e-05,0,201
4.11671128213384,3.797843476467029,61,3,0.012274749143174236,2,227
3.169588515890543,2.726776736841055,76,3,0.021733399063891295,3,238
3.510922755918388,4.263386418770855,72,1,2.66940096369597,25,282
4.546939646030116,2.53637978744618,92,2,0.4977335360060056,10,413
2.2709321890455523,1.722798294199149,68,1,7.52036009584513,40,112
3.479439210683332,4.03264969887848,98,1,0.511799876073578,12,333
3.396987712146509,2.9511546739773475,71,1,7.370804272986023,70,210
2.6686032052456747,4.968208937629605,79,2,0.03578540353057083,3,213
3.6948591276624576,1.4323141323889108,62,2,8.85617236290794,51,171
2.1903904903214726,4.774396958432778,76,2,0.005274589360148095,1,165
1.0242210288359037,1.3309586606717976,93,3,0.010759095450198604,1,114
4.736002268594806,2.4266535250287737,70,2,1.5080182687533659,19,321
1.5396885658255677,3.701178767126595,89,1,0.3276847058334235,5,148
2.120235461622216,2.7525121396658463,81,3,0.02076399157648161,3,154
3.586338305830485,4.765622593538994,56,3,0.0002522622100187927,0,205
1.8415278203305347,3.3397451894855603,59,1,0.1843799960883148,3,130
3.3329520059294637,1.3081689601465256,100,2,14.457985670005842,71,273
3.0389913483150117,3.0158289488820897,91,3,0.01434973200081908,2,277
4.695316928909609,1.3950057580912336,76,2,12.258631798239993,127,219
1.428256162761996,1.7637533591304093,57,3,0.005091116457436695,0,80
3.0350792327474796,4.4351971209650145,68,1,0.7745772906142753,12,227
1.8864003267916614,2.321691302236382,95,3,0.00187068758689596,0,194
3.9593862737788426,1.991975013279644,67,2,2.9253404739736446,26,247
2.57427008312554,1.2111022724286964,64,3,0.43637838809321317,5,178
3.989501646188995,2.9816370062298048,86,2,0.23063462123993053,6,345
2.7535897385990062,4.104088319556375,59,3,0.0008726174670389156,0,177
4.462299163093089,1.333192873095454,80,3,5.618111953235869,49,303
3.706587876001962,2.5273574178598635,58,2,0.36794344923483485,11,212
3.6191282393450517,1.4582772941641924,94,3,1.1053610114701424,20,373
4.75574055821874,4.298525969868706,100,2,0.06672525715133575,5,463
2.1647844387111657,1.203033070821518,99,1,21.290723354163646,117,127
2.7899562567141,2.183257495278407,69,1,2.8668846233824796,18,159
1.9155015159909299,1.9701391928979097,70,3,0.006690801904861546,1,130
4.905521906814455,3.9726162928480004,98,1,6.308408060657853,66,412
4.672789974472183,1.043165213632344,66,3,14.859604569057032,134,210
2.572583824638649,2.227725573590653,94,3,0.030061540173005694,3,250
4.2160056528256815,3.4885767877207283,72,1,6.209411802267163,55,243
1.516604408798238,1.3383679465176344,56,3,0.021479302033124845,1,91
4.895429206812594,1.0678355999778426,53,2,13.977783561915663,144,117
1.1531352486845923,2.8227324559879343,92,3,0.0,0,103
4.201807413106197,4.721762350825593,78,2,0.03646287320206025,3,311
1.8111967028439726,3.732098811768923,91,2,0.007395103167739207,1,144
2.9746213047191614,3.199691745915121,61,1,1.8387382934613257,19,187
2.9762151128793204,1.1671434100861604,52,3,0.271108249770926,5,155
3.340046544213789,2.450570487171359,95,2,0.3229030445710855,8,332
3.7964983137992663,4.248886654345453,84,3,0.0029979619196129183,1,321
2.995785960655208,1.6530662892634571,70,3,0.07248289272504667,4,204
2.1703507124732853,1.695124160719648,97,2,0.2986068513593397,4,209
3.585636454755635,1.3319232115215218,80,3,1.134476371058871,12,275
4.746423880359168,3.0549949842422794,56,3,0.029530871980931763,3,262
1.1618277957554173,3.692531803879536,65,1,0.11785245098583842,2,62
2.6207782368254726,1.026772690128996,69,2,15.110555420951933,101,127
2.271018642188983,1.6876358375952045,89,2,0.6225309529152171,9,178
2.903635974391835,4.485000585090427,97,3,0.00372379071642966,1,254
3.400484839258256,4.286151248919701,62,1,0.44986816350718667,10,210
2.0080519951471802,4.819381486950167,52,2,0.0008788744988549027,0,97
1.2210954163771044,3.8861086851696767,59,1,0.07628013168000203,2,63
1.8703686742041685,1.0897278778699144,67,1,13.330059326372318,57,76
2.244596039464936,2.8537908638390985,78,2,0.09727323391571083,3,146
4.627559417203056,2.1208871376921046,74,3,0.3771338580697118,14,351
1.3908687961819024,1.9605871583078436,55,2,0.1162607024593535,2,94
3.4964986393983652,4.263551392320755,97,2,0.05342447526111426,5,330
4.902133329278083,2.9839558523935223,55,2,0.4715753045843523,12,245
4.880239663555246,1.7503470963887047,98,1,34.23980872460348,297,191
4.951271481084923,4.2376320602281226,67,3,0.011770079142324164,3,340
3.1404152644587207,2.755988157337137,81,3,0.0233507875316646,4,210
3.768063655367338,2.9300894802324677,95,1,11.847878332862988,107,263
4.872747421984664,4.261028789982662,52,1,3.545809354787708,36,223
3.5033044554259645,4.66737552416127,61,3,0.001481936331907247,1,202
4.372166947055284,3.4621983886659535,53,1,6.498668817574458,56,162
3.8031185368615237,3.77840570791431,85,3,0.036209044651300586,4,318
1.8249744073599068,3.4077951090639407,95,2,0.033981087954729865,4,197
4.762936361570448,3.709639016874377,59,1,6.359801297966723,70,219
4.527242249729101,4.178906131549997,88,2,0.15663504166181194,8,395
2.673564746811256,3.500217665162426,75,1,0.6606719609391033,9,210
1.0854855982336233,1.155511353120784,71,1,7.149370396860917,19,72
4.030912589226941,1.9868000231839873,80,2,3.446173546991446,39,282
1.1094233120816943,4.038820208741946,91,1,0.05676532153274952,1,129
3.2626994776927143,2.0897380096907834,57,2,0.862193113459964,14,174
3.751558382757246,2.2791196335281527,63,1,14.659573850069986,118,127
3.29403883931694,3.4391146587956145,67,3,0.005512307013751261,2,230
3.498016245722904,3.541931478417985,77,2,0.0667811736381248,3,270
2.091244613564599,2.3327656331269173,93,3,0.012806567514389612,1,177
4.650086741744062,3.5490785918827608,51,1,10.253652946095713,75,169
4.857791928517414,2.7148997571259064,87,1,17.919592850863832,172,259
3.349716541267059,3.8950333328841675,97,2,0.0532298532074637,4,315
4.485416330334658,3.6714258544315794,66,2,0.22333586909538952,8,304
2.529435313836046,1.7382243664380201,93,1,12.681128690690795,90,160
2.6184293262362863,4.661932342924181,82,2,0.012413450970775355,1,232
2.780881956180635,1.3724371250812952,51,3,0.27098807844534867,7,137
2.5361751557585057,1.4649330552523123,91,3,0.1066294874352255,6,200
1.9234849784126395,3.165261405446594,80,1,0.37839692592463814,4,157
1.9782461237404032,2.2876015521342374,66,3,0.01823795116484706,2,118
3.733440634139696,2.047382866475002,73,2,1.2407835003512273,18,270
3.282931148332269,4.05053842461208,92,2,0.02096271840556003,1,294
3.3630427385052095,3.4384183421557863,85,2,0.11715931718604021,8,244
2.3043081758511432,2.9531805594185565,71,3,0.012618891712849422,1,148
4.217677822657987,1.5622001825344922,54,3,0.5476972594344063,9,226
2.038242560072029,4.204005789113227,68,2,0.06930561431857032,5,130
1.2753041765367925,1.8214544211120653,79,2,0.03894975536402011,1,112
1.351267834909717,3.7326510927025502,99,2,0.0018515402746873061,0,133
4.255545070864774,4.461600265957549,67,3,0.007332435764036725,2,283
1.0634956346964488,4.1881021783589425,99,1,0.09644999424549981,2,96
1.5774329840889432,4.494710986669071,83,2,0.018807967807291864,2,156
2.4761911273402664,1.3800481708318788,91,3,0.27969227058744245,7,246
4.553105264970673,2.9833380456586145,75,2,0.36578976695285487,10,329
3.4130368567764537,4.755931889719155,64,1,0.3128641915280841,7,220
2.9821917498717774,4.463757615630667,87,3,0.0016989582362887965,1,263
1.9795297046003562,4.238777133436073,89,1,0.10225210074674561,3,149
3.78994853824714,1.8878390370929221,78,1,22.682592805213492,194,116
3.9672274164292247,2.790061208434669,68,2,0.2034428774330722,7,273
4.5954387723858705,1.4994363882972652,92,3,4.543147421309845,60,401
3.5231441215078116,2.751750362721953,67,3,0.020278549734054418,2,236
4.532346126878192,3.411723205365188,99,2,0.2783009919616341,12,420
3.8822737145021375,1.943294798215418,85,1,21.256394569596193,162,171
3.2673681046304712,3.390269616275426,54,3,0.01059966146360419,1,191
4.601813073698759,2.5410563550675223,89,3,0.10598872557087012,9,402
4.977234395695282,4.218525213993688,75,1,9.94141240095362,75,322
2.676450315544745,3.7433819922068077,74,2,0.044956033387742705,3,175
2.0004836234108434,4.121028781856033,83,1,0.3248061062674249,7,157
2.932070093005253,1.5771229302172265,59,2,3.2461690985488847,22,153
1.3351294065526003,2.0696852213134873,69,2,0.025755426953529965,1,89
4.374397400783774,3.755006895093528,54,3,0.0052785173177323135,1,239
1.4538515914067158,1.067585749775462,90,1,15.764303946128312,52,91
4.78252131256234,1.1492254992284177,86,3,12.962380461459087,121,266
3.088086188150415,3.420843698974771,92,1,1.7184886766131249,22,311
3.515128128847467,1.6682823207091904,57,3,0.23980136981603167,6,204
2.977222291951853,3.261045185705075,94,2,0.05828711141940901,3,265
4.473568556013314,3.361366621544744,93,3,0.0609586319493883,7,432
3.403553052461385,4.892003579669575,88,3,0.0031292462526236364,1,309
1.8375949497704545,3.9600900425769945,54,3,0.0,0,86
1.8219010585028528,1.6191095563922224,77,2,0.2298411941788388,5,152
1.9088801348509254,3.7967615209871806,79,1,0.1396768977802812,3,149
2.34443387714023,1.696358032316435,51,1,7.244900708507497,37,77
1.7006441420481524,3.344115882580032,100,2,0.01037871730862797,1,174
3.9680131907887937,4.246568684091832,97,1,2.730033460604503,32,377
4.511424445219878,2.29580737559187,89,2,4.766938781871419,45,408
2.40363635666658,2.8587584316896084,56,3,0.014902951800596885,2,139
4.97026364907612,2.9075526168319037,84,2,0.8399057796365827,21,421
2.329310588326767,4.788603924658676,50,1,0.23863422957349603,4,108
4.38495615849884,1.000261714364298,100,1,33.402318173751155,311,116
1.5033538978006917,2.5254741614466165,85,2,0.018762157022479017,2,135
4.863242900550873,3.786023505088156,97,3,0.022276691757998752,5,441
1.5258914090345423,4.316457081266529,84,3,0.00015398738847102321,0,125
1.2987336241728427,2.93143532785046,62,3,0.0002826596172122883,0,78
4.0888576677040955,1.1874221184018676,78,3,2.8035853265590833,23,286
1.2530118643681756,3.334421297699769,53,1,0.12291976245754267,2,76
4.525939046942797,2.493117625067757,78,3,0.06168626181182849,4,334
3.635739660237915,3.0886945504183205,94,2,0.08415231486804337,5,328
2.29531261497521,2.459097867728869,54,1,2.6176346785486726,17,124
4.992957056762708,2.8665312904939158,83,2,0.5674511229763946,14,365
4.5817057390918725,2.8821366239460424,96,2,0.309942928029359,8,425
3.8110429677148563,3.415880256054593,88,3,0.003954861078938123,1,325
3.4751929582585537,1.0439572485349649,71,3,1.244609888133759,14,229
2.9878954097378148,4.628273083360715,92,2,0.016196572219894807,3,289
1.150616923953781,2.1388550422484056,100,2,0.03338824897150631,1,141
1.2115999553691563,3.655326143253564,64,1,0.0990979593337747,2,87
1.3954537023965505,4.755743513595327,85,2,0.0015026033141712829,0,104
